{
	"name": "Default bindings for Vive",
	"controller_type": "vive_controller",
	"last_edited_by": "UnrealEngine",
	"bindings":
	{
		"/actions/main":
		{
			"sources": [
				{
					"mode": "trigger",
					"path": "/user/hand/right/input/trigger",
					"inputs":
					{
						"click":
						{
							"output": "/actions/main/in/TriggerR"
						}
					}
				},
				{
					"mode": "trigger",
					"path": "/user/hand/left/input/trigger",
					"inputs":
					{
						"click":
						{
							"output": "/actions/main/in/TriggerL"
						}
					}
				}
			],
			"poses": [
				{
					"output": "/actions/main/in/controllerleft",
					"path": "/user/hand/left/pose/raw",
					"requirement": "optional"
				},
				{
					"output": "/actions/main/in/controllerright",
					"path": "/user/hand/right/pose/raw"
				}
			],
			"skeleton": [
				{
					"output": "/actions/main/in/skeletonleft",
					"path": "/user/hand/left/input/skeleton/left"
				},
				{
					"output": "/actions/main/in/skeletonright",
					"path": "/user/hand/right/input/skeleton/right"
				}
			],
			"haptics": [
				{
					"output": "/actions/main/out/vibrateleft",
					"path": "/user/hand/left/output/haptic"
				},
				{
					"output": "/actions/main/out/vibrateright",
					"path": "/user/hand/right/output/haptic"
				}
			]
		}
	},
	"description": "ScreenResolution-17735300"
}